screening_rank,candidate_id,learning_rate,lora_rank,lora_alpha,lora_dropout,accuracy,f1_macro,balanced_accuracy,accuracy_delta_vs_baseline,accuracy_gap_to_first,accuracy_gap_to_third,accuracy_gap_to_previous,best_epoch,best_checkpoint,training_loss,trainable_parameters,train_rows,validation_rows,training_seconds,runtime_seconds,seed,config_sha256,screening_split_sha256
1,candidate-05,0.0003,8,16,0.05,0.4455159112825458,0.44612944581831265,0.4502855263176564,0.06235936997749919,0.0,-0.007393121182899365,0.0,2.0,artifacts/norberto-lora-grid-20260929-170333/screening/candidate-05/checkpoints/checkpoint-1624,4.215205651394448,542979,12982,3111,2601.661909790997,2716.863420556001,42,69d215cad564e6de8d65adf54e284f7e55ea08e7daea82635dbe20e269aa264a,fc9b6698a967dc682375ee41ab4582051afb7cb514bda1e8a112c6b910884b5d
2,candidate-08,0.0003,16,32,0.05,0.44294439087110254,0.44285532894425916,0.443704280702168,0.05978784956605593,0.002571520411443262,-0.004821600771456103,0.002571520411443262,2.0,artifacts/norberto-lora-grid-20260929-170333/screening/candidate-08/checkpoints/checkpoint-1624,4.170495185163025,1083651,12982,3111,2691.9429333640037,2810.847648906998,42,78ede1e76914a2c731ef27c4eb771f347df59eca3095df53a1a365fde7171665,fc9b6698a967dc682375ee41ab4582051afb7cb514bda1e8a112c6b910884b5d
3,candidate-02,0.0003,4,8,0.05,0.43812279009964644,0.43729385606712623,0.44293842832692526,0.054966248794599826,0.007393121182899365,0.0,0.004821600771456103,3.0,artifacts/norberto-lora-grid-20260929-170333/screening/candidate-02/checkpoints/checkpoint-2436,4.244023761530032,272643,12982,3111,2599.8695311520023,2716.2506280809976,42,b5ae17d2359526b1b64a00d33620c6d6ee5791414ed4e7da4d58b99455697273,fc9b6698a967dc682375ee41ab4582051afb7cb514bda1e8a112c6b910884b5d
4,candidate-04,0.0001,8,16,0.05,0.4288010286081646,0.4284003242664578,0.43225065313737393,0.045644487303117987,0.016714882674381204,0.00932176149148184,0.00932176149148184,3.0,artifacts/norberto-lora-grid-20260929-170333/screening/candidate-04/checkpoints/checkpoint-2436,4.300770557572689,542979,12982,3111,2601.704873941999,2716.8036452020024,42,cf77472b578e252ddc93875dd238bfc08e413851a6b12f8bc27d787a6d6b8fae,fc9b6698a967dc682375ee41ab4582051afb7cb514bda1e8a112c6b910884b5d
5,candidate-07,0.0001,16,32,0.05,0.42751526840244297,0.4274869028220485,0.43203549123064944,0.044358727097396355,0.018000642880102835,0.01060752169720347,0.001285760205721631,3.0,artifacts/norberto-lora-grid-20260929-170333/screening/candidate-07/checkpoints/checkpoint-2436,4.269769093868963,1083651,12982,3111,2638.858909421,2757.600990821,42,fbc40b324d8305b8e27225c31a8c9f5d78f1db4cfab60005d5ff0e525d68557f,fc9b6698a967dc682375ee41ab4582051afb7cb514bda1e8a112c6b910884b5d
6,candidate-01,0.0001,4,8,0.05,0.41947926711668276,0.4190260257924349,0.4214917082911413,0.03632272581163615,0.026036644165863043,0.01864352298296368,0.008036001285760208,3.0,artifacts/norberto-lora-grid-20260929-170333/screening/candidate-01/checkpoints/checkpoint-2436,4.3241420238476085,272643,12982,3111,2618.6748527639993,2735.3598139899987,42,381666339464cd1a0cf46b9b356f36ae99a7d07c3cedb9e86d02af0b4e6d43f7,fc9b6698a967dc682375ee41ab4582051afb7cb514bda1e8a112c6b910884b5d
7,candidate-06,0.001,8,16,0.05,0.3940855030536805,0.3445419359470738,0.3746139601550578,0.010928961748633892,0.0514304082288653,0.044037287045965934,0.025393764063002255,2.0,artifacts/norberto-lora-grid-20260929-170333/screening/candidate-06/checkpoints/checkpoint-1624,4.4402778074267655,542979,12982,3111,2600.9652097689977,2716.035334526001,42,c063d7a2b95061cb7708074412f0b14209fa58a8071db268046099dca675cb49,fc9b6698a967dc682375ee41ab4582051afb7cb514bda1e8a112c6b910884b5d
8,candidate-03,0.001,4,8,0.05,0.3831565413050466,0.300902900966936,0.3851279477891268,0.0,0.06235936997749919,0.054966248794599826,0.010928961748633892,1.0,artifacts/norberto-lora-grid-20260929-170333/screening/candidate-03/checkpoints/checkpoint-812,4.503960445009429,272643,12982,3111,1732.6464038509985,1847.6376879750023,42,18867bbddee18467745336a31dbd3472558115a89c15db447a3f55b07a3cd37a,fc9b6698a967dc682375ee41ab4582051afb7cb514bda1e8a112c6b910884b5d
9,candidate-09,0.001,16,32,0.05,0.3561555769848923,0.175080982855337,0.3333333333333333,-0.027000964320154308,0.0893603342976535,0.08196721311475413,0.027000964320154308,1.0,artifacts/norberto-lora-grid-20260929-170333/screening/candidate-09/checkpoints/checkpoint-812,4.496861609919318,1083651,12982,3111,1793.3820713129971,1912.235390119,42,1bb015261c67404f99af85708198ba9847c092c1a328d3e19154f5b2deae999f,fc9b6698a967dc682375ee41ab4582051afb7cb514bda1e8a112c6b910884b5d
