excel_row,true_label,predicted_label
5,c234,c234
6,c234,c5
8,c234,c5
10,c1,c5
12,c234,c1
13,c234,c234
17,c5,c234
22,c1,c5
27,c1,c234
33,c5,c234
49,c5,c1
57,c1,c1
65,c234,c1
85,c234,c234
90,c5,c1
94,c1,c1
104,c234,c5
105,c5,c1
110,c5,c1
122,c5,c5
124,c234,c1
127,c5,c234
129,c5,c5
131,c1,c234
138,c1,c1
146,c1,c234
147,c1,c5
156,c5,c1
162,c5,c5
172,c5,c234
174,c5,c5
185,c234,c1
188,c234,c1
191,c234,c5
197,c234,c1
206,c1,c5
212,c5,c1
214,c1,c5
216,c1,c234
220,c5,c234
222,c5,c5
227,c234,c1
242,c234,c1
243,c1,c1
251,c5,c5
263,c1,c5
269,c5,c234
271,c1,c1
276,c234,c1
282,c5,c234
295,c5,c1
299,c5,c234
301,c1,c234
304,c234,c234
310,c1,c5
317,c5,c5
319,c5,c5
327,c1,c1
331,c5,c234
336,c234,c5
339,c5,c234
341,c1,c234
344,c5,c5
349,c5,c234
351,c5,c1
376,c234,c5
385,c1,c234
392,c5,c5
399,c1,c1
411,c1,c1
421,c1,c234
429,c1,c5
432,c234,c234
434,c234,c1
442,c1,c1
443,c1,c5
458,c5,c5
465,c1,c234
470,c1,c1
482,c234,c5
487,c5,c234
490,c234,c5
500,c234,c1
506,c1,c1
514,c1,c1
518,c234,c5
525,c5,c1
535,c5,c5
542,c5,c234
547,c1,c5
565,c5,c234
570,c1,c1
577,c5,c5
581,c1,c1
585,c5,c5
587,c234,c234
596,c1,c1
608,c1,c234
624,c5,c234
634,c1,c234
641,c1,c5
643,c1,c234
652,c5,c5
674,c234,c5
678,c1,c5
682,c1,c5
688,c5,c5
691,c234,c234
698,c234,c234
702,c234,c234
714,c1,c234
718,c234,c5
730,c1,c5
739,c234,c1
742,c234,c5
759,c234,c234
760,c5,c1
780,c5,c5
783,c1,c1
790,c234,c234
791,c234,c5
801,c234,c234
812,c5,c5
828,c5,c5
833,c234,c5
857,c234,c234
860,c1,c5
861,c5,c5
865,c1,c5
866,c1,c1
867,c5,c5
868,c5,c5
873,c5,c234
878,c5,c5
883,c234,c234
891,c5,c5
894,c234,c5
898,c1,c1
900,c234,c5
909,c234,c1
911,c5,c5
916,c5,c1
921,c1,c1
926,c234,c234
927,c1,c1
931,c1,c1
938,c5,c5
946,c1,c1
949,c5,c5
954,c234,c234
962,c5,c234
967,c234,c1
971,c5,c234
1001,c5,c5
1002,c234,c234
1014,c234,c234
1029,c1,c1
1030,c1,c1
1036,c1,c1
1044,c1,c234
1055,c1,c1
1077,c234,c1
1098,c5,c5
1099,c5,c234
1108,c234,c5
1109,c234,c5
1111,c234,c5
1113,c234,c1
1119,c5,c5
1122,c234,c5
1126,c234,c234
1129,c5,c234
1135,c234,c234
1137,c234,c1
1139,c234,c1
1142,c5,c234
1160,c234,c1
1161,c234,c5
1165,c234,c1
1168,c5,c234
1171,c5,c234
1177,c5,c5
1196,c234,c5
1202,c5,c234
1204,c234,c234
1206,c234,c234
1208,c234,c234
1214,c1,c1
1223,c1,c234
1230,c234,c234
1243,c5,c5
1247,c5,c5
1286,c1,c234
1295,c234,c234
1305,c234,c5
1321,c1,c1
1324,c5,c5
1328,c234,c234
1340,c234,c5
1347,c5,c234
1369,c234,c1
1371,c1,c1
1379,c234,c1
1385,c234,c5
1394,c234,c1
1400,c234,c1
1404,c5,c5
1412,c234,c234
1415,c5,c5
1419,c5,c234
1427,c234,c5
1429,c5,c234
1434,c234,c234
1439,c1,c1
1445,c5,c1
1448,c5,c1
1450,c5,c1
1455,c234,c5
1462,c234,c234
1464,c5,c1
1472,c1,c1
1510,c5,c5
1513,c234,c1
1516,c5,c5
1532,c5,c1
1554,c1,c1
1576,c5,c1
1577,c5,c234
1579,c5,c234
1580,c1,c5
1583,c5,c5
1586,c234,c5
1592,c234,c234
1593,c5,c5
1595,c234,c1
1599,c234,c1
1609,c234,c5
1620,c234,c234
1634,c234,c1
1642,c234,c5
1655,c234,c5
1674,c5,c5
1677,c5,c5
1678,c1,c1
1681,c234,c1
1697,c234,c5
1698,c5,c234
1703,c5,c5
1707,c1,c234
1711,c1,c234
1716,c5,c1
1730,c234,c5
1734,c5,c234
1737,c1,c234
1742,c1,c1
1745,c234,c5
1746,c234,c234
1748,c234,c234
1752,c5,c5
1757,c234,c1
1759,c1,c1
1762,c234,c234
1779,c234,c5
1784,c5,c234
1795,c1,c1
1799,c234,c234
1803,c234,c5
1806,c234,c234
1813,c5,c5
1822,c5,c234
1828,c234,c5
1837,c1,c1
1848,c5,c5
1853,c234,c5
1864,c1,c1
1866,c5,c1
1867,c1,c234
1884,c5,c1
1898,c5,c234
1926,c1,c5
1931,c234,c234
1938,c1,c5
1939,c234,c234
1951,c234,c234
1965,c5,c5
1966,c5,c234
1970,c5,c234
1977,c234,c234
1987,c1,c5
1988,c234,c1
2002,c1,c1
2008,c5,c1
2013,c5,c5
2022,c5,c1
2023,c234,c1
2037,c5,c1
2048,c234,c234
2052,c234,c5
2061,c234,c5
2068,c5,c5
2079,c5,c234
2082,c5,c5
2092,c234,c234
2097,c1,c234
2108,c5,c5
2116,c1,c1
2128,c1,c1
2136,c1,c234
2142,c234,c1
2150,c5,c5
2151,c234,c234
2154,c1,c234
2160,c234,c5
2170,c234,c5
2175,c234,c234
2176,c1,c1
2192,c5,c5
2196,c5,c5
2207,c234,c5
2212,c234,c5
2220,c1,c1
2224,c5,c1
2231,c5,c1
2234,c234,c5
2237,c234,c234
2245,c1,c1
2255,c1,c1
2266,c1,c1
2270,c1,c1
2274,c234,c234
2281,c1,c5
2288,c1,c1
2294,c5,c234
2299,c5,c5
2304,c1,c234
2309,c5,c1
2316,c5,c234
2319,c234,c234
2330,c234,c5
2335,c1,c1
2340,c5,c5
2347,c1,c5
2356,c5,c5
2360,c1,c5
2362,c1,c5
2373,c234,c5
2381,c234,c5
2387,c5,c234
2400,c5,c234
2408,c1,c234
2413,c1,c1
2422,c5,c1
2429,c1,c234
2436,c5,c1
2441,c234,c234
2447,c234,c5
2454,c234,c1
2458,c5,c234
2460,c5,c5
2463,c234,c234
2472,c1,c5
2476,c234,c234
2484,c5,c5
2504,c234,c234
2513,c1,c1
2520,c5,c5
2525,c1,c1
2533,c5,c1
2536,c5,c5
2547,c5,c5
2550,c5,c5
2557,c234,c234
2565,c234,c234
2574,c5,c5
2580,c234,c5
2588,c1,c1
2594,c5,c1
2604,c234,c1
2615,c234,c1
2627,c5,c5
2637,c1,c1
2639,c5,c5
2647,c5,c234
2650,c1,c234
2655,c5,c5
2663,c5,c1
2665,c1,c234
2666,c5,c5
2674,c5,c5
2678,c1,c234
2684,c5,c234
2700,c5,c5
2709,c234,c5
2714,c234,c5
2720,c1,c1
2725,c1,c1
2731,c5,c1
2734,c234,c1
2736,c5,c1
2742,c5,c5
2753,c234,c1
2762,c5,c234
2764,c234,c234
2772,c5,c5
2777,c5,c1
2781,c5,c1
2784,c5,c1
2792,c5,c234
2798,c5,c1
2808,c1,c1
2813,c5,c5
2815,c234,c234
2823,c1,c234
2835,c5,c5
2839,c1,c1
2842,c234,c5
2851,c5,c5
2858,c234,c234
2863,c5,c1
2873,c5,c5
2884,c234,c5
2887,c5,c234
2898,c5,c234
2903,c5,c234
2908,c1,c5
2912,c5,c1
2922,c5,c234
2938,c234,c234
2945,c5,c234
2950,c1,c234
2954,c234,c234
2959,c234,c234
2962,c5,c234
2967,c5,c5
2972,c5,c5
2975,c1,c1
2984,c1,c5
2997,c5,c5
3009,c234,c5
3012,c5,c234
3030,c5,c5
3031,c234,c234
3040,c5,c234
3048,c1,c5
3053,c234,c1
3054,c1,c1
3059,c234,c1
3067,c1,c234
3072,c234,c234
3073,c5,c5
3081,c1,c234
3090,c5,c5
3092,c1,c5
3112,c234,c1
3117,c234,c1
3122,c5,c5
3123,c234,c5
3128,c234,c5
3133,c1,c5
3137,c1,c5
3138,c234,c234
3145,c234,c234
3154,c1,c5
3162,c234,c234
3177,c234,c234
3183,c1,c1
3190,c5,c5
3192,c5,c5
3193,c5,c234
3194,c234,c1
3207,c5,c234
3210,c234,c1
3216,c234,c234
3221,c234,c1
3225,c234,c1
3232,c234,c234
3239,c5,c5
3245,c234,c234
3250,c234,c234
3259,c1,c234
3267,c1,c234
3278,c1,c5
3284,c234,c234
3296,c234,c5
3301,c234,c234
3307,c234,c5
3312,c5,c234
3318,c5,c234
3321,c5,c1
3328,c5,c234
3338,c234,c5
3346,c5,c234
3354,c234,c1
3356,c234,c5
3358,c234,c234
3366,c234,c234
3378,c5,c234
3387,c234,c1
3401,c5,c1
3407,c1,c1
3410,c234,c234
3414,c1,c1
3427,c234,c1
3429,c5,c1
3433,c5,c234
3441,c234,c5
3449,c5,c234
3456,c5,c5
3463,c1,c234
3469,c234,c234
3470,c234,c1
3478,c5,c234
3486,c234,c1
3500,c234,c5
3502,c234,c1
3508,c1,c1
3509,c234,c1
3515,c234,c1
3529,c1,c234
3533,c1,c1
3541,c234,c5
3547,c5,c234
3550,c234,c234
3556,c234,c1
3560,c5,c1
3565,c1,c5
3571,c5,c5
3576,c234,c1
3586,c1,c1
3593,c5,c234
3601,c1,c234
3605,c5,c5
3612,c5,c5
3628,c5,c234
3631,c1,c1
3642,c234,c5
3647,c5,c5
3654,c234,c5
3659,c1,c1
3664,c5,c5
3667,c1,c1
3670,c5,c1
3672,c5,c234
3675,c234,c1
3686,c234,c1
3695,c5,c1
3699,c1,c5
3703,c1,c1
3705,c234,c1
3711,c5,c5
3720,c5,c5
3723,c1,c1
3729,c234,c5
3750,c1,c5
3752,c5,c5
3761,c5,c1
3768,c234,c1
3769,c1,c5
3782,c5,c234
3786,c1,c5
3788,c1,c1
3797,c234,c234
3802,c234,c234
3809,c234,c1
3815,c5,c1
3823,c1,c1
3834,c234,c5
3847,c234,c5
3852,c5,c234
3859,c234,c234
3864,c234,c234
3870,c1,c1
3878,c1,c234
3885,c234,c5
3890,c5,c1
3891,c234,c1
3896,c1,c234
3902,c234,c1
3904,c234,c5
3912,c234,c1
3913,c5,c5
3922,c5,c1
3931,c234,c1
3936,c1,c5
3939,c5,c5
3940,c5,c234
3950,c5,c1
3959,c1,c1
3961,c5,c234
3976,c234,c1
3982,c1,c5
3987,c234,c234
3993,c1,c1
3996,c5,c5
4005,c1,c1
4010,c1,c5
4015,c1,c1
4017,c234,c5
4026,c1,c1
4028,c5,c5
4036,c234,c1
4044,c1,c5
4046,c5,c5
4053,c234,c1
4062,c1,c1
4064,c234,c234
4077,c5,c5
4083,c234,c234
4090,c1,c5
4094,c234,c5
4101,c5,c5
4109,c234,c5
4114,c5,c1
4117,c234,c5
4120,c1,c1
4128,c234,c234
4132,c234,c5
4137,c1,c1
4142,c234,c1
4144,c1,c5
4151,c234,c5
4159,c5,c5
4170,c234,c1
4173,c234,c234
4180,c234,c234
4186,c5,c5
4201,c234,c5
4204,c234,c234
4214,c1,c1
4222,c5,c234
4229,c5,c234
4233,c1,c1
4234,c5,c5
4242,c5,c5
4249,c1,c1
4259,c5,c5
4265,c5,c234
4281,c5,c5
4289,c5,c5
4296,c5,c1
4303,c234,c5
4312,c234,c1
4318,c1,c1
4329,c5,c1
4337,c5,c1
4349,c234,c1
4350,c1,c5
4358,c1,c234
4366,c234,c5
4372,c5,c234
4378,c234,c234
4384,c234,c5
4389,c1,c1
4400,c234,c234
4404,c1,c234
4407,c5,c234
4418,c234,c5
4420,c234,c234
4427,c1,c1
4430,c1,c234
4436,c5,c1
4445,c5,c1
4452,c234,c1
4457,c234,c234
4465,c234,c234
4474,c234,c5
4482,c234,c1
4486,c1,c5
4496,c234,c234
4502,c5,c1
4503,c234,c234
4512,c1,c234
4523,c234,c234
4531,c234,c5
4539,c1,c5
4540,c5,c1
4543,c234,c234
4549,c5,c1
4551,c5,c1
4558,c234,c5
4571,c1,c234
4573,c234,c5
4580,c1,c1
4587,c234,c1
4594,c1,c1
4599,c234,c5
4604,c234,c234
4610,c234,c5
4611,c1,c234
4612,c1,c234
4620,c1,c1
4621,c1,c234
4622,c234,c5
4627,c1,c1
4647,c5,c1
4649,c234,c1
4655,c1,c1
4661,c234,c5
4668,c234,c1
4672,c234,c5
4686,c5,c5
4689,c1,c1
4695,c1,c1
4707,c5,c5
4708,c5,c1
4715,c234,c1
4718,c1,c234
4731,c5,c1
4740,c1,c1
4743,c1,c5
4749,c234,c234
4751,c234,c1
4754,c5,c5
4761,c5,c5
4766,c234,c234
4775,c1,c5
4779,c1,c234
4782,c5,c5
4789,c234,c5
4800,c234,c234
4808,c1,c1
4809,c5,c5
4812,c5,c234
4824,c234,c5
4829,c1,c234
4832,c1,c1
4840,c1,c1
4844,c5,c5
4854,c5,c5
4861,c1,c1
4870,c5,c5
4875,c234,c1
4890,c234,c1
4892,c5,c5
4899,c234,c1
4908,c234,c1
4910,c5,c1
4913,c5,c234
4927,c5,c1
4928,c1,c1
4938,c234,c5
4948,c1,c234
4951,c5,c5
4961,c1,c234
4967,c234,c5
4973,c234,c5
4984,c234,c234
4990,c1,c234
4993,c234,c1
5000,c5,c234
5008,c1,c5
5010,c234,c5
5020,c1,c234
5027,c5,c5
5039,c1,c5
5048,c5,c5
5054,c5,c234
5060,c1,c1
5069,c1,c5
5077,c234,c5
5081,c234,c234
5082,c5,c1
5085,c1,c5
5093,c5,c5
5098,c234,c5
5109,c5,c234
5127,c234,c234
5131,c5,c5
5136,c5,c1
5138,c5,c5
5150,c234,c234
5152,c234,c234
5156,c234,c234
5170,c234,c234
5173,c234,c234
5180,c1,c5
5190,c234,c234
5199,c1,c234
5204,c5,c1
5211,c234,c234
5217,c234,c1
5222,c5,c5
5223,c5,c1
5225,c5,c1
5228,c5,c234
5239,c1,c5
5245,c5,c1
5258,c1,c1
5259,c234,c234
5260,c1,c234
5262,c1,c5
5269,c234,c1
5272,c5,c1
5276,c5,c5
5285,c5,c234
5293,c5,c5
5297,c234,c234
5302,c5,c234
5309,c234,c1
5321,c1,c234
5325,c234,c1
5334,c234,c1
5336,c1,c1
5343,c234,c234
5352,c5,c1
5357,c1,c5
5369,c1,c5
5375,c5,c5
5381,c234,c1
5391,c5,c234
5399,c5,c1
5407,c1,c5
5416,c5,c1
5421,c234,c234
5425,c234,c1
5429,c5,c1
5438,c234,c234
5444,c234,c5
5447,c1,c234
5454,c1,c234
5462,c1,c1
5473,c234,c234
5479,c234,c234
5482,c5,c234
5489,c5,c5
5500,c5,c5
5510,c5,c5
5517,c5,c1
5520,c5,c234
5528,c1,c234
5535,c1,c234
5540,c5,c1
5542,c234,c1
5545,c234,c234
5552,c1,c1
5554,c234,c1
5561,c234,c1
5566,c234,c5
5573,c5,c5
5582,c234,c234
5586,c1,c5
5595,c5,c5
5604,c234,c5
5608,c5,c5
5614,c1,c5
5622,c1,c234
5627,c234,c1
5638,c5,c5
5650,c5,c234
5654,c1,c1
5658,c234,c5
5661,c1,c1
5666,c5,c234
5671,c1,c5
5689,c234,c1
5692,c5,c5
5697,c5,c1
5701,c234,c5
5709,c5,c5
5712,c234,c5
5719,c1,c234
5724,c5,c5
5733,c234,c5
5734,c5,c1
5737,c1,c1
5743,c5,c234
5760,c234,c234
5769,c234,c1
5777,c5,c5
5782,c5,c5
5796,c5,c234
5803,c1,c1
5808,c5,c234
5809,c1,c1
5817,c234,c5
5826,c234,c5
5834,c1,c234
5839,c234,c1
5843,c1,c1
5848,c234,c5
5852,c234,c1
5862,c234,c234
5868,c1,c234
5875,c5,c1
5879,c234,c234
5882,c5,c1
5887,c5,c234
5890,c1,c1
5899,c234,c1
5908,c5,c1
5915,c234,c234
5919,c234,c1
5922,c5,c5
5929,c234,c1
5935,c1,c234
5948,c234,c1
5952,c5,c234
5957,c234,c234
5962,c234,c1
5966,c5,c234
5969,c234,c1
5972,c1,c5
5976,c5,c1
5982,c234,c1
5983,c234,c234
5991,c1,c1
5993,c234,c1
6010,c234,c1
6013,c1,c1
6015,c5,c234
6021,c234,c5
6027,c234,c234
6030,c1,c5
6036,c1,c1
6042,c5,c5
6049,c234,c5
6058,c1,c5
6070,c1,c234
6080,c5,c1
6088,c5,c5
6090,c234,c5
6103,c234,c1
6107,c5,c5
6113,c234,c1
6123,c5,c5
6127,c5,c5
6130,c5,c234
6135,c5,c5
6140,c234,c5
6146,c5,c234
6155,c1,c5
6162,c1,c234
6166,c5,c234
6173,c1,c1
6182,c1,c5
6184,c234,c234
6188,c5,c5
6195,c1,c234
6201,c5,c1
6207,c5,c234
6212,c234,c5
6225,c234,c234
6233,c5,c5
6238,c234,c5
6242,c1,c1
6254,c5,c5
6262,c234,c1
6265,c234,c234
6278,c1,c234
6283,c234,c234
6293,c1,c1
6300,c5,c5
6308,c1,c5
6314,c234,c234
6327,c234,c1
6335,c234,c234
6337,c1,c1
6346,c234,c234
6356,c5,c1
6357,c5,c234
6361,c1,c234
6368,c234,c5
6371,c1,c234
6377,c5,c5
6384,c5,c1
6388,c234,c234
6393,c234,c234
6400,c5,c234
6404,c5,c5
6418,c234,c234
6424,c1,c5
6427,c234,c234
6432,c5,c234
6441,c234,c234
6448,c5,c5
6452,c1,c1
6459,c5,c1
6462,c5,c234
6469,c5,c234
6475,c1,c5
6484,c5,c5
6488,c1,c234
6489,c1,c1
6493,c234,c5
6508,c234,c5
6515,c5,c5
6521,c1,c234
6530,c1,c5
6535,c1,c5
6544,c1,c1
6553,c5,c234
6559,c5,c234
6564,c5,c1
6571,c5,c5
6581,c5,c1
6587,c1,c5
6592,c1,c5
6602,c5,c1
6606,c5,c1
6612,c1,c5
6620,c234,c234
6628,c1,c1
6630,c1,c5
6639,c234,c234
6642,c234,c234
6649,c5,c1
6655,c5,c234
6663,c234,c234
6667,c1,c234
6669,c1,c5
6677,c234,c5
6680,c1,c1
6691,c5,c1
6698,c1,c234
6705,c5,c5
6709,c5,c234
6716,c1,c1
6721,c5,c234
6731,c1,c1
6736,c5,c5
6744,c1,c1
6751,c1,c5
6759,c1,c5
6760,c234,c1
6769,c234,c1
6770,c1,c1
6775,c234,c1
6787,c1,c1
6791,c5,c5
6795,c1,c1
6796,c1,c1
6810,c5,c5
6816,c5,c1
6817,c5,c234
6823,c1,c5
6827,c234,c1
6832,c1,c1
6842,c1,c5
6849,c234,c234
6852,c1,c5
6857,c5,c5
6867,c5,c5
6877,c5,c5
6881,c1,c234
6885,c234,c234
6899,c234,c1
6911,c234,c234
6920,c1,c5
6925,c1,c5
6926,c5,c234
6936,c234,c234
6937,c5,c5
6950,c5,c1
6953,c5,c234
6967,c1,c1
6972,c234,c234
6975,c1,c5
6978,c1,c5
6994,c1,c5
6998,c234,c234
7009,c5,c234
7013,c5,c5
7022,c5,c234
7025,c5,c5
7027,c234,c1
7037,c5,c5
7046,c5,c1
7052,c234,c5
7061,c234,c234
7065,c1,c5
7073,c234,c1
7075,c234,c234
7081,c5,c5
7083,c234,c1
7086,c1,c5
7092,c5,c5
7099,c1,c1
7102,c1,c234
7108,c234,c5
7117,c234,c234
7119,c234,c1
7134,c5,c5
7135,c1,c5
7140,c1,c234
7148,c5,c234
7149,c1,c5
7155,c1,c5
7166,c234,c234
7175,c5,c1
7180,c234,c5
7185,c5,c234
7194,c234,c1
7199,c5,c5
7207,c234,c5
7211,c1,c5
7214,c5,c234
7224,c1,c5
7229,c234,c5
7232,c5,c234
7239,c5,c1
7241,c5,c5
7251,c5,c234
7256,c1,c234
7258,c1,c1
7267,c234,c5
7278,c1,c1
7288,c5,c5
7293,c234,c234
7298,c5,c234
7301,c1,c1
7308,c5,c5
7319,c1,c5
7322,c1,c1
7326,c234,c1
7329,c234,c234
7332,c5,c234
7339,c234,c234
7348,c234,c5
7352,c5,c5
7354,c234,c5
7362,c1,c5
7368,c5,c5
7377,c234,c234
7385,c5,c5
7391,c234,c234
7395,c234,c5
7409,c5,c1
7418,c234,c1
7423,c5,c5
7429,c234,c1
7436,c1,c1
7439,c5,c1
7449,c1,c234
7451,c5,c234
7457,c1,c1
7463,c234,c1
7469,c5,c234
7481,c5,c1
7485,c5,c234
7497,c1,c234
7499,c1,c1
7504,c234,c1
7509,c5,c5
7514,c5,c5
7523,c1,c234
7532,c234,c234
7544,c1,c1
7546,c5,c5
7552,c5,c5
7561,c234,c234
7567,c234,c5
7579,c234,c5
7588,c5,c1
7593,c5,c5
7598,c5,c1
7604,c234,c1
7611,c5,c5
7612,c1,c1
7616,c5,c234
7622,c5,c234
7628,c234,c1
7630,c5,c234
7634,c234,c5
7645,c234,c5
7646,c1,c1
7653,c1,c1
7663,c5,c234
7664,c5,c1
7667,c1,c5
7675,c5,c5
7684,c234,c1
7691,c234,c1
7692,c5,c1
7699,c234,c5
7703,c1,c1
7712,c234,c234
7720,c1,c1
7727,c5,c1
7728,c234,c234
7735,c234,c5
7744,c1,c234
7746,c234,c1
7755,c234,c234
7757,c5,c5
7768,c1,c234
7774,c234,c1
7776,c234,c5
7790,c234,c234
7798,c234,c234
7803,c1,c234
7819,c5,c5
7824,c234,c234
7834,c1,c234
7842,c5,c5
7843,c1,c234
7854,c1,c234
7862,c5,c1
7873,c234,c5
7874,c1,c5
7884,c234,c234
7898,c234,c234
7903,c234,c234
7906,c5,c1
7915,c234,c5
7919,c5,c5
7921,c234,c1
7928,c1,c234
7935,c234,c5
7942,c1,c5
7949,c234,c1
7954,c234,c1
7959,c234,c234
7965,c5,c1
7973,c234,c5
7979,c234,c234
7985,c234,c1
7999,c5,c5
8006,c1,c234
8012,c5,c5
8020,c234,c1
8023,c234,c5
8034,c1,c1
8044,c234,c234
8047,c1,c1
8053,c1,c234
8055,c5,c5
8062,c5,c1
8065,c5,c5
8072,c234,c5
8074,c234,c5
8082,c5,c1
8087,c234,c5
8092,c1,c234
8104,c5,c5
8112,c234,c5
8116,c234,c5
8118,c5,c5
8124,c234,c234
8128,c234,c234
8134,c234,c234
8140,c5,c5
8145,c234,c234
8152,c234,c234
8153,c1,c5
8155,c234,c234
8162,c5,c5
8169,c1,c234
8179,c1,c1
8184,c1,c5
8192,c234,c5
8196,c5,c1
8199,c234,c1
8203,c5,c1
8214,c1,c5
8220,c5,c5
8225,c234,c1
8230,c1,c1
8232,c5,c5
8237,c234,c5
8243,c5,c1
8250,c234,c5
8253,c1,c1
8264,c1,c1
8268,c5,c5
8274,c1,c1
8281,c1,c5
8285,c5,c1
8290,c234,c5
8302,c234,c234
8315,c234,c5
8323,c5,c5
8334,c1,c234
8339,c1,c1
8342,c1,c1
8348,c1,c234
8354,c1,c1
8357,c5,c5
8360,c234,c1
8368,c1,c1
8373,c234,c1
8381,c5,c5
8389,c234,c5
8395,c234,c1
8400,c234,c1
8404,c5,c5
8406,c234,c234
8407,c1,c1
8417,c1,c234
8421,c1,c1
8422,c234,c1
8435,c234,c234
8440,c1,c234
8447,c1,c1
8454,c5,c5
8458,c5,c234
8460,c5,c5
8466,c234,c1
8470,c234,c1
8475,c1,c234
8484,c1,c1
8488,c1,c5
8495,c5,c234
8501,c5,c5
8506,c1,c234
8513,c1,c234
8521,c5,c1
8524,c1,c1
8531,c1,c5
8540,c234,c5
8542,c5,c5
8557,c234,c234
8570,c5,c5
8574,c1,c5
8584,c5,c1
8597,c5,c234
8600,c5,c1
8613,c5,c5
8622,c1,c234
8629,c5,c234
8632,c5,c5
8633,c5,c1
8638,c1,c1
8644,c5,c1
8656,c234,c1
8665,c5,c1
8671,c5,c234
8679,c1,c234
8684,c234,c5
8689,c234,c1
8696,c5,c234
8697,c1,c5
8703,c234,c1
8717,c5,c1
8718,c234,c234
8726,c5,c5
8733,c234,c5
8743,c234,c234
8754,c234,c1
8756,c234,c5
8763,c5,c234
8770,c234,c5
8777,c234,c5
8785,c1,c234
8794,c1,c1
8808,c234,c1
8818,c234,c5
8824,c5,c1
8830,c5,c1
8831,c1,c1
8836,c5,c234
8845,c5,c1
8851,c234,c234
8860,c234,c1
8865,c234,c1
8871,c234,c234
8875,c5,c234
8882,c234,c1
8893,c234,c5
8896,c1,c5
8899,c234,c234
8901,c234,c234
8908,c234,c5
8911,c1,c1
8917,c234,c234
8922,c1,c5
8931,c234,c234
8941,c234,c234
8944,c1,c234
8949,c234,c5
8954,c5,c5
8968,c234,c234
8977,c234,c1
8988,c1,c1
8995,c5,c1
9000,c1,c1
9010,c234,c1
9017,c234,c5
9022,c1,c5
9029,c234,c5
9036,c1,c1
9039,c5,c1
9050,c1,c234
9051,c234,c234
9058,c234,c234
9064,c1,c234
9078,c234,c1
9082,c234,c1
9097,c1,c1
9103,c5,c5
9112,c234,c1
9120,c234,c234
9124,c234,c5
9129,c234,c1
9131,c5,c1
9133,c1,c234
9148,c5,c234
9149,c1,c234
9160,c5,c5
9163,c1,c234
9167,c1,c234
9175,c1,c5
9181,c5,c1
9197,c5,c234
9207,c5,c234
9210,c1,c1
9213,c1,c1
9224,c5,c5
9231,c1,c5
9240,c1,c1
9259,c1,c1
9262,c5,c5
9274,c5,c234
9278,c1,c234
9286,c234,c1
9301,c5,c1
9307,c234,c5
9314,c5,c1
9318,c5,c5
9324,c5,c5
9330,c1,c234
9339,c1,c5
9347,c1,c1
9351,c234,c234
9357,c234,c234
9374,c234,c5
9381,c234,c5
9387,c234,c5
9388,c1,c1
9395,c1,c234
9401,c234,c1
9404,c1,c1
9410,c234,c234
9417,c5,c5
9428,c5,c1
9429,c5,c5
9430,c5,c5
9442,c5,c5
9446,c234,c234
9457,c1,c234
9462,c1,c5
9463,c5,c1
9475,c234,c234
9481,c1,c1
9483,c1,c1
9484,c5,c5
9494,c5,c5
9501,c234,c234
9505,c5,c5
9512,c234,c234
9521,c5,c1
9530,c1,c234
9536,c5,c1
9538,c234,c5
9540,c5,c1
9543,c234,c1
9559,c1,c234
9565,c5,c234
9574,c5,c5
9583,c234,c5
9591,c1,c234
9595,c1,c1
9612,c5,c5
9616,c1,c234
9623,c5,c1
9631,c234,c1
9638,c234,c5
9646,c1,c1
9648,c234,c5
9658,c1,c234
9666,c5,c234
9675,c1,c234
9678,c5,c234
9681,c234,c1
9686,c5,c5
9701,c5,c5
9702,c234,c5
9709,c1,c1
9717,c1,c5
9725,c5,c5
9728,c234,c234
9730,c1,c1
9732,c5,c234
9741,c234,c234
9745,c234,c1
9752,c1,c234
9762,c234,c5
9764,c234,c234
9769,c5,c1
9776,c234,c234
9787,c5,c5
9791,c234,c234
9793,c234,c234
9805,c5,c234
9811,c5,c5
9812,c234,c5
9820,c1,c1
9827,c234,c234
9833,c1,c234
9837,c1,c5
9843,c234,c234
9846,c5,c5
9847,c234,c1
9852,c5,c1
9855,c5,c234
9860,c234,c5
9868,c5,c5
9876,c1,c1
9877,c1,c1
9879,c5,c5
9884,c5,c5
9890,c234,c5
9899,c1,c234
9900,c234,c5
9904,c5,c5
9911,c234,c1
9917,c234,c5
9927,c5,c234
9931,c234,c5
9942,c234,c5
9947,c1,c1
9953,c1,c234
9959,c234,c1
9960,c5,c5
9963,c234,c234
9965,c234,c234
9976,c1,c234
9981,c5,c5
9982,c5,c1
9998,c1,c1
10005,c234,c234
10009,c5,c1
10010,c234,c1
10012,c5,c5
10016,c5,c1
10021,c234,c234
10028,c1,c5
10030,c234,c234
10035,c5,c5
10041,c1,c5
10052,c1,c234
10058,c5,c1
10068,c234,c234
10073,c1,c1
10082,c5,c1
10092,c234,c234
10094,c1,c1
10099,c5,c1
10100,c5,c5
10107,c234,c5
10114,c5,c234
10125,c234,c234
10137,c5,c234
10140,c1,c1
10144,c5,c1
10148,c1,c1
10152,c5,c5
10159,c234,c234
10164,c5,c5
10170,c1,c1
10178,c234,c1
10182,c1,c1
10192,c234,c1
10198,c1,c234
10215,c5,c234
10218,c1,c5
10229,c5,c5
10241,c234,c1
10243,c234,c1
10248,c5,c234
10257,c1,c234
10260,c1,c234
10262,c5,c5
10282,c5,c234
10287,c1,c5
10297,c1,c234
10308,c1,c234
10309,c1,c1
10321,c234,c5
10329,c5,c5
10336,c5,c5
10337,c1,c234
10347,c5,c1
10353,c5,c5
10362,c5,c1
10365,c1,c234
10369,c1,c1
10376,c234,c1
10380,c1,c1
10387,c234,c5
10393,c1,c5
10399,c234,c234
10401,c1,c1
10407,c234,c234
10411,c1,c1
10416,c1,c1
10425,c234,c5
10435,c5,c234
10437,c1,c5
10444,c5,c5
10451,c5,c234
10461,c5,c234
10471,c5,c5
10473,c1,c1
10483,c234,c5
10489,c5,c5
10494,c234,c1
10496,c1,c5
10505,c5,c234
10508,c5,c5
10513,c1,c1
10522,c5,c5
10538,c5,c5
10545,c234,c234
10551,c5,c1
10552,c234,c5
10559,c1,c1
10562,c5,c234
10572,c5,c5
10577,c5,c234
10583,c5,c1
10588,c5,c1
10590,c1,c234
10592,c1,c5
10596,c5,c1
10598,c1,c234
10602,c5,c5
10608,c1,c234
10614,c5,c5
10620,c5,c234
10627,c5,c5
10634,c5,c5
10639,c5,c1
10647,c5,c5
10649,c1,c234
10657,c1,c234
10669,c5,c5
10673,c1,c1
10678,c1,c234
10687,c234,c1
10692,c1,c1
10695,c234,c1
10698,c234,c1
10703,c1,c5
10706,c234,c5
10717,c5,c5
10723,c1,c234
10735,c234,c234
10740,c234,c234
10749,c5,c5
10757,c234,c5
10758,c1,c1
10766,c5,c234
10773,c234,c1
10781,c234,c234
10791,c1,c1
10793,c5,c5
10794,c5,c1
10807,c234,c5
10814,c234,c1
10817,c1,c5
10830,c5,c5
10832,c234,c5
10838,c5,c234
10844,c234,c5
10849,c1,c234
10852,c1,c5
10860,c1,c234
10866,c234,c5
10873,c234,c5
10880,c234,c234
10881,c5,c5
10888,c234,c234
10895,c5,c234
10901,c1,c1
10906,c234,c1
10911,c1,c234
10913,c5,c5
10920,c1,c1
10926,c1,c5
10929,c234,c5
10937,c1,c5
10944,c1,c1
10950,c234,c234
10963,c1,c234
10976,c234,c234
10977,c5,c234
10986,c1,c5
10992,c234,c5
10999,c234,c1
11007,c234,c5
11015,c234,c1
11017,c234,c1
11022,c5,c5
11026,c1,c1
11033,c1,c1
11034,c5,c1
11042,c5,c5
11050,c234,c5
11059,c5,c1
11066,c234,c1
11075,c5,c1
11079,c1,c1
11084,c234,c5
11099,c1,c1
11102,c234,c5
11108,c1,c5
11118,c234,c234
11123,c234,c234
11132,c1,c5
11137,c1,c1
11138,c1,c1
11139,c1,c234
11141,c5,c5
11143,c1,c5
11156,c1,c234
11159,c5,c1
11162,c234,c1
11174,c234,c1
11175,c234,c5
11176,c5,c1
11185,c234,c234
11189,c1,c5
11194,c5,c234
11206,c234,c234
11221,c234,c5
11224,c5,c5
11229,c1,c5
11231,c1,c1
11242,c1,c234
11243,c1,c5
11250,c5,c1
11259,c5,c5
11266,c234,c5
11276,c5,c234
11277,c234,c234
11280,c5,c5
11285,c234,c5
11290,c5,c5
11300,c1,c1
11309,c234,c5
11313,c234,c234
11319,c5,c5
11324,c234,c1
11332,c1,c234
11335,c5,c234
11346,c5,c1
11354,c5,c5
11358,c5,c234
11367,c5,c1
11381,c234,c5
11385,c234,c5
11387,c1,c1
11396,c234,c234
11408,c1,c234
11411,c234,c5
11417,c5,c234
11422,c1,c1
11430,c234,c5
11441,c5,c234
11442,c234,c1
11454,c5,c234
11459,c1,c234
11466,c234,c234
11467,c234,c1
11476,c234,c234
11485,c234,c5
11490,c5,c234
11494,c234,c1
11498,c234,c5
11507,c234,c234
11509,c1,c234
11514,c1,c234
11524,c5,c5
11529,c1,c1
11536,c5,c234
11541,c1,c1
11545,c5,c5
11550,c1,c5
11555,c234,c1
11564,c1,c1
11572,c234,c5
11575,c1,c5
11584,c234,c1
11588,c234,c1
11596,c5,c234
11603,c234,c5
11606,c1,c1
11615,c1,c1
11618,c5,c5
11623,c234,c234
11628,c5,c1
11642,c234,c234
11648,c5,c234
11653,c1,c234
11660,c1,c1
11665,c234,c234
11668,c5,c1
11676,c234,c1
11684,c234,c1
11699,c1,c234
11700,c234,c234
11709,c5,c234
11714,c5,c5
11717,c234,c1
11731,c234,c1
11738,c234,c234
11743,c234,c234
11758,c5,c5
11765,c1,c5
11766,c5,c5
11772,c5,c5
11778,c1,c234
11782,c1,c1
11789,c1,c1
11793,c5,c5
11801,c5,c5
11802,c234,c234
11806,c234,c1
11810,c5,c5
11815,c1,c234
11820,c5,c234
11826,c5,c1
11831,c5,c234
11839,c234,c5
11841,c1,c234
11842,c1,c1
11850,c234,c234
11858,c1,c1
11859,c5,c1
11862,c234,c234
11866,c234,c234
11876,c1,c1
11882,c5,c5
11885,c234,c5
11894,c234,c234
11897,c5,c234
11905,c1,c1
11910,c234,c234
11917,c5,c5
11925,c5,c1
11930,c234,c234
11937,c5,c1
11948,c5,c1
11961,c5,c5
11964,c5,c1
11969,c1,c1
11974,c1,c5
11979,c234,c234
11989,c5,c5
11995,c5,c234
12010,c5,c5
12016,c5,c1
12018,c234,c1
12025,c234,c1
12033,c234,c5
12039,c1,c1
12046,c5,c5
12055,c5,c5
12064,c234,c5
12074,c234,c5
12075,c5,c5
12076,c1,c234
12086,c234,c234
12088,c5,c5
12093,c1,c1
12097,c234,c234
12106,c1,c234
12117,c1,c1
12130,c234,c1
12141,c1,c234
12149,c5,c234
12151,c234,c1
12154,c234,c234
12156,c5,c5
12159,c234,c1
12164,c1,c234
12165,c5,c5
12166,c5,c5
12172,c1,c1
12180,c5,c5
12188,c234,c5
12196,c5,c5
12206,c5,c234
12219,c5,c5
12231,c5,c234
12235,c5,c5
12244,c5,c1
12245,c5,c234
12252,c1,c234
12255,c234,c1
12266,c5,c234
12271,c234,c234
12275,c5,c234
12289,c234,c234
12290,c1,c1
12298,c234,c234
12306,c5,c1
12318,c234,c234
12324,c234,c5
12332,c5,c234
12334,c1,c1
12338,c5,c5
12345,c1,c1
12351,c1,c5
12355,c5,c234
12363,c234,c234
12366,c1,c234
12369,c1,c234
12380,c5,c234
12390,c1,c1
12392,c5,c1
12399,c5,c1
12402,c5,c234
12417,c5,c5
12430,c1,c5
12432,c1,c5
12437,c5,c234
12444,c5,c5
12445,c234,c1
12460,c5,c234
12465,c234,c1
12466,c234,c1
12475,c1,c1
12481,c1,c1
12488,c234,c5
12494,c234,c5
12496,c5,c1
12511,c234,c5
12519,c1,c234
12524,c1,c1
12534,c5,c5
12541,c234,c5
12543,c234,c1
12551,c234,c1
12555,c1,c1
12562,c234,c1
12565,c1,c1
12576,c5,c234
12582,c5,c234
12587,c5,c234
12594,c1,c5
12604,c1,c234
12606,c1,c5
12612,c234,c234
12621,c5,c1
12622,c234,c5
12632,c1,c234
12639,c1,c1
12644,c1,c234
12655,c5,c5
12660,c1,c234
12670,c234,c1
12672,c5,c5
12676,c5,c234
12680,c5,c234
12687,c234,c1
12695,c234,c1
12709,c1,c5
12716,c5,c234
12719,c5,c1
12721,c234,c1
12727,c5,c1
12728,c234,c5
12739,c234,c234
12748,c234,c5
12755,c5,c234
12760,c234,c234
12765,c1,c1
12768,c5,c1
12775,c1,c1
12780,c5,c5
12785,c1,c234
12786,c5,c1
12791,c234,c5
12802,c5,c5
12808,c5,c234
12814,c5,c1
12823,c234,c234
12830,c5,c5
12846,c5,c5
12860,c5,c5
12864,c234,c5
12869,c5,c5
12873,c5,c5
12879,c234,c5
12884,c1,c234
12890,c5,c5
12894,c234,c5
12896,c5,c1
12905,c1,c1
12906,c5,c1
12918,c5,c234
12919,c5,c234
12923,c5,c5
12937,c5,c1
12944,c234,c5
12950,c5,c234
12958,c234,c5
12967,c1,c234
12972,c5,c1
12974,c1,c1
12978,c5,c1
12979,c5,c1
12982,c5,c5
12990,c234,c5
12992,c1,c5
12998,c5,c234
13002,c1,c1
13008,c5,c1
13011,c5,c1
13017,c234,c5
13022,c1,c234
13031,c1,c1
13037,c5,c1
13046,c234,c1
13052,c1,c1
13053,c5,c1
13065,c234,c5
13070,c234,c234
13071,c1,c5
13072,c1,c1
13086,c1,c234
13093,c234,c1
13097,c234,c234
13105,c1,c1
13111,c234,c1
13118,c5,c234
13128,c5,c1
13131,c5,c5
13134,c5,c5
13138,c5,c1
13142,c234,c234
13145,c5,c5
13156,c234,c5
13158,c1,c1
13159,c5,c5
13165,c1,c234
13169,c1,c234
13174,c1,c1
13183,c234,c1
13196,c5,c5
13205,c1,c5
13210,c5,c5
13222,c1,c1
13230,c234,c234
13241,c1,c5
13247,c1,c234
13252,c1,c234
13267,c1,c1
13277,c5,c5
13278,c5,c234
13283,c234,c1
13292,c5,c5
13301,c234,c5
13304,c234,c234
13306,c5,c5
13312,c5,c1
13320,c1,c234
13323,c1,c234
13327,c5,c5
13335,c5,c234
13344,c5,c234
13345,c5,c234
13347,c234,c1
13359,c5,c5
13361,c5,c5
13362,c234,c1
13372,c1,c234
13376,c5,c5
13379,c5,c1
13383,c234,c234
13385,c5,c1
13394,c5,c5
13405,c234,c234
13406,c5,c5
13413,c1,c234
13414,c234,c1
13421,c234,c234
13425,c5,c5
13431,c1,c234
13446,c5,c5
13449,c5,c5
13455,c234,c234
13462,c234,c234
13470,c234,c234
13476,c1,c1
13483,c5,c5
13485,c5,c5
13492,c5,c5
13497,c5,c1
13498,c234,c5
13505,c5,c5
13513,c234,c1
13518,c1,c1
13528,c234,c1
13534,c5,c1
13544,c5,c5
13545,c1,c5
13561,c234,c5
13565,c234,c234
13570,c234,c5
13576,c5,c234
13584,c234,c5
13586,c1,c1
13591,c234,c5
13610,c5,c5
13616,c1,c1
13623,c1,c1
13631,c234,c1
13640,c234,c234
13645,c5,c5
13652,c5,c1
13660,c5,c234
13666,c5,c234
13673,c234,c5
13683,c5,c5
13701,c1,c1
13703,c5,c234
13711,c5,c234
13720,c1,c5
13727,c1,c1
13732,c1,c5
13733,c5,c234
13742,c5,c234
13750,c234,c1
13754,c234,c234
13768,c1,c234
13772,c234,c1
13775,c234,c234
13781,c5,c234
13790,c1,c5
13795,c234,c234
13802,c5,c234
13807,c234,c234
13817,c5,c5
13823,c1,c5
13833,c1,c1
13839,c5,c234
13850,c5,c5
13858,c1,c1
13860,c1,c234
13868,c5,c234
13875,c234,c5
13882,c5,c234
13890,c5,c5
13899,c5,c5
13904,c234,c5
13910,c5,c234
13916,c5,c5
13928,c5,c5
13930,c1,c1
13938,c5,c1
13947,c5,c1
13949,c1,c1
13953,c1,c5
13962,c1,c1
13968,c5,c234
13969,c5,c5
13976,c234,c234
13982,c234,c234
13985,c234,c234
13987,c234,c1
13994,c5,c5
14000,c1,c234
14002,c5,c1
14003,c5,c234
14012,c234,c234
14013,c1,c1
14019,c234,c234
14033,c1,c234
14037,c1,c5
14050,c1,c234
14055,c1,c1
14063,c234,c5
14070,c234,c5
14078,c1,c1
14085,c5,c5
14096,c234,c1
14106,c234,c5
14114,c5,c5
14121,c234,c5
14127,c1,c234
14140,c1,c1
14144,c234,c5
14153,c5,c1
14161,c1,c5
14169,c234,c5
14177,c1,c1
14180,c234,c234
14183,c5,c5
14189,c234,c234
14193,c234,c234
14202,c1,c234
14210,c5,c5
14215,c1,c1
14217,c5,c5
14229,c5,c1
14237,c234,c5
14242,c5,c234
14255,c1,c1
14258,c234,c234
14259,c234,c1
14260,c1,c1
14268,c1,c1
14273,c1,c5
14283,c5,c1
14289,c5,c5
14290,c234,c234
14297,c234,c1
14299,c1,c5
14305,c1,c5
14307,c234,c234
14310,c1,c234
14314,c5,c5
14329,c5,c1
14333,c5,c5
14341,c5,c5
14345,c1,c5
14350,c1,c1
14354,c5,c234
14362,c5,c5
14365,c234,c5
14367,c5,c5
14369,c234,c234
14383,c5,c234
14387,c5,c1
14397,c234,c1
14398,c1,c234
14404,c234,c5
14406,c234,c234
14416,c1,c234
14424,c234,c1
14443,c5,c234
14447,c5,c1
14457,c234,c234
14469,c5,c5
14485,c1,c5
14492,c234,c5
14500,c234,c1
14507,c234,c5
14514,c1,c1
14515,c234,c234
14521,c5,c5
14522,c1,c1
14530,c5,c5
14536,c1,c234
14546,c234,c234
14548,c234,c234
14551,c5,c1
14555,c1,c234
14558,c234,c1
14568,c1,c1
14571,c234,c1
14585,c5,c1
14591,c1,c1
14603,c5,c5
14622,c1,c5
14623,c234,c234
14631,c5,c1
14632,c234,c1
14639,c234,c1
14649,c234,c234
14656,c234,c234
14677,c1,c5
14682,c234,c234
14687,c1,c1
14696,c234,c5
14704,c234,c234
14705,c5,c5
14714,c5,c5
14722,c5,c5
14730,c5,c5
14731,c5,c234
14735,c234,c234
14741,c234,c234
14743,c5,c1
14751,c5,c5
14760,c234,c5
14761,c5,c5
14771,c1,c5
14786,c1,c1
14796,c1,c234
14804,c1,c1
14814,c5,c5
14822,c5,c5
14832,c234,c1
14837,c234,c5
14843,c234,c5
14854,c234,c234
14857,c5,c234
14860,c1,c1
14864,c1,c5
14871,c234,c1
14875,c5,c234
14883,c1,c1
14893,c234,c1
14894,c5,c5
14896,c234,c1
14901,c234,c5
14905,c5,c234
14920,c234,c234
14932,c234,c1
14933,c5,c234
14941,c1,c5
14946,c234,c234
14951,c1,c234
14953,c5,c5
14954,c1,c5
14958,c234,c5
14971,c1,c1
14974,c234,c234
14977,c1,c1
14985,c5,c5
14994,c234,c5
15009,c5,c1
15017,c234,c1
15025,c234,c234
15028,c5,c5
15031,c234,c5
15033,c5,c1
15039,c5,c5
15044,c1,c234
15045,c5,c5
15055,c234,c234
15058,c1,c1
15069,c5,c5
15075,c1,c5
15094,c5,c234
15100,c234,c234
15107,c234,c234
15121,c5,c5
15129,c234,c234
15135,c234,c1
15151,c1,c5
15152,c234,c5
15164,c1,c1
15168,c234,c1
15175,c5,c5
15182,c1,c5
15190,c234,c1
15197,c234,c5
15204,c234,c234
15212,c1,c234
15215,c234,c5
15223,c5,c1
15227,c1,c5
15233,c234,c5
15238,c5,c5
15245,c234,c234
15256,c234,c234
15260,c5,c1
15262,c5,c5
15270,c1,c1
15280,c5,c5
15289,c234,c5
15301,c234,c234
15311,c5,c5
15313,c1,c1
15318,c234,c1
15324,c5,c1
15326,c1,c234
15333,c1,c234
15338,c5,c5
15351,c5,c234
15355,c5,c1
15356,c5,c1
15364,c234,c1
15365,c1,c234
15371,c1,c5
15376,c234,c234
15380,c234,c234
15389,c1,c234
15395,c1,c234
15402,c5,c234
15409,c5,c5
15415,c234,c5
15422,c5,c234
15423,c234,c1
15431,c234,c5
15438,c5,c5
15439,c5,c234
15445,c1,c1
15457,c5,c5
15464,c1,c5
15470,c5,c5
15476,c234,c5
15483,c234,c5
15491,c1,c234
15495,c1,c1
15502,c5,c234
15512,c234,c234
15519,c234,c1
15525,c234,c234
15532,c234,c234
15536,c1,c234
15546,c5,c5
15551,c5,c234
15559,c1,c1
15567,c5,c5
15570,c234,c1
15585,c234,c5
15589,c1,c234
15594,c234,c1
15598,c234,c5
15603,c5,c1
15609,c234,c1
15615,c1,c5
15621,c234,c1
15624,c1,c234
15631,c234,c1
15638,c1,c5
15642,c5,c234
15650,c1,c234
15656,c234,c1
15660,c1,c1
15664,c234,c234
15671,c1,c234
15675,c1,c1
15682,c1,c1
15690,c1,c234
15693,c5,c1
15694,c1,c234
15698,c5,c5
15703,c5,c1
15705,c234,c5
15708,c1,c234
15715,c5,c234
15720,c1,c5
15725,c5,c234
15735,c5,c1
15738,c234,c1
15747,c5,c234
15756,c234,c5
15766,c5,c5
15782,c234,c5
15787,c1,c5
15791,c234,c234
15793,c1,c1
15794,c234,c234
15796,c5,c234
15809,c5,c1
15811,c5,c5
15824,c5,c234
15827,c5,c5
15831,c234,c1
15833,c5,c5
15839,c234,c1
15842,c234,c1
15853,c1,c1
15855,c5,c234
15857,c1,c5
15870,c234,c234
15872,c1,c234
15881,c234,c1
15891,c5,c1
15897,c234,c234
15919,c5,c5
15935,c1,c234
15939,c234,c1
15948,c234,c5
15949,c234,c1
15954,c234,c1
15958,c234,c234
15964,c234,c5
15968,c5,c234
15969,c1,c1
15977,c5,c1
15980,c234,c1
15984,c234,c5
15988,c234,c234
15997,c1,c5
16015,c234,c234
16019,c1,c234
16020,c1,c1
16026,c1,c1
16028,c234,c234
16034,c5,c234
16040,c5,c5
16048,c5,c1
16050,c234,c234
16061,c5,c5
16065,c234,c5
16078,c1,c5
16086,c1,c1
16091,c1,c234
16094,c5,c5
16102,c5,c234
16103,c5,c5
16107,c5,c234
16115,c5,c5
16123,c5,c234
16128,c5,c234
16136,c1,c234
16140,c234,c1
16141,c5,c234
16148,c5,c5
16160,c5,c5
16164,c234,c5
16167,c234,c1
16172,c234,c5
16175,c1,c1
16186,c5,c5
16199,c5,c234
16205,c234,c1
16214,c234,c1
16220,c234,c5
16233,c1,c1
16234,c5,c1
16238,c5,c5
16245,c234,c5
16251,c1,c5
16257,c5,c1
16265,c5,c5
16269,c1,c234
16281,c234,c1
16284,c234,c1
16292,c234,c234
16299,c1,c5
16303,c1,c1
16305,c234,c234
16313,c5,c234
16328,c234,c1
16336,c234,c234
16342,c234,c5
16345,c234,c5
16346,c234,c1
16358,c234,c5
16367,c234,c1
16370,c5,c5
16374,c1,c1
16385,c234,c5
16388,c1,c1
16389,c234,c234
16399,c234,c234
16407,c234,c234
16413,c234,c234
16418,c5,c1
16423,c1,c1
16426,c5,c1
16434,c1,c1
16438,c5,c234
16442,c1,c1
16447,c5,c234
16454,c234,c1
16463,c5,c5
16468,c5,c234
16470,c234,c1
16478,c1,c1
16481,c1,c1
16488,c5,c234
16495,c234,c1
16504,c234,c5
16514,c5,c1
16518,c1,c5
16522,c234,c1
16532,c1,c1
16540,c1,c1
16544,c234,c234
16554,c1,c5
16561,c1,c5
16567,c1,c234
16570,c1,c1
16576,c5,c1
16587,c234,c1
16593,c234,c1
16601,c234,c234
16606,c5,c1
16608,c5,c5
16620,c234,c234
16621,c1,c1
16624,c1,c234
16632,c234,c5
16634,c234,c5
16639,c234,c5
16646,c1,c1
16655,c5,c234
16671,c5,c1
16677,c5,c234
16683,c1,c234
16691,c5,c234
16694,c5,c1
16701,c234,c1
16702,c5,c234
16705,c5,c5
16711,c5,c1
16714,c5,c234
16718,c234,c234
16726,c234,c1
16732,c5,c234
16740,c5,c234
16744,c5,c234
16747,c234,c5
16769,c5,c5
16776,c234,c1
16777,c5,c5
16784,c1,c234
16792,c234,c5
16798,c5,c234
16800,c5,c5
16806,c5,c1
16808,c5,c1
16819,c5,c5
16825,c5,c5
16830,c1,c1
16837,c5,c5
16841,c234,c5
16847,c5,c5
16849,c1,c5
16856,c1,c5
16861,c5,c234
16871,c1,c1
16879,c1,c1
16880,c234,c5
16884,c5,c234
16891,c234,c234
16900,c5,c5
16904,c234,c234
16907,c234,c234
16911,c5,c5
16921,c234,c5
16927,c234,c5
16935,c1,c234
16937,c1,c234
16943,c5,c234
16949,c1,c5
16958,c5,c234
16969,c234,c234
16976,c5,c234
16977,c1,c5
16978,c5,c1
16984,c5,c1
16991,c234,c5
16996,c5,c5
17002,c1,c234
17007,c5,c1
17018,c1,c1
17019,c234,c5
17024,c234,c1
17034,c234,c234
17041,c234,c1
17050,c234,c1
17055,c234,c234
17057,c1,c1
17069,c5,c234
17070,c1,c234
17077,c1,c5
17083,c1,c1
17100,c1,c234
17103,c1,c1
17104,c234,c5
17112,c234,c234
17113,c1,c1
17121,c1,c1
17127,c234,c234
17141,c234,c5
17144,c234,c1
17148,c234,c5
17163,c1,c1
17166,c234,c5
17169,c234,c234
17179,c5,c5
17185,c234,c234
17192,c1,c1
17199,c5,c1
17206,c5,c5
17215,c234,c1
17221,c5,c234
17230,c234,c234
17231,c5,c1
17232,c234,c1
17238,c234,c5
17243,c234,c234
17250,c5,c5
17256,c1,c234
17263,c5,c5
17272,c5,c1
17285,c1,c1
17291,c1,c1
17296,c5,c1
17301,c1,c234
17304,c234,c234
17312,c234,c234
17319,c5,c234
17324,c234,c1
17330,c5,c1
17340,c1,c234
17345,c5,c5
17352,c5,c234
17354,c1,c234
17362,c1,c1
17368,c234,c1
17370,c1,c1
17376,c5,c5
17386,c1,c1
17390,c234,c5
17400,c234,c5
17411,c234,c5
17416,c5,c234
17423,c234,c1
17439,c234,c5
17449,c234,c234
17458,c5,c5
17468,c234,c5
17476,c1,c1
17485,c5,c5
17491,c1,c5
17497,c1,c1
17503,c234,c234
17512,c234,c5
17513,c1,c1
17516,c234,c234
17521,c234,c234
17531,c5,c1
17535,c1,c1
17540,c234,c234
17547,c234,c1
17559,c5,c234
17564,c1,c234
17578,c1,c1
17583,c1,c1
17590,c5,c1
17596,c1,c5
17606,c234,c5
17613,c5,c1
17619,c1,c5
17629,c5,c234
17632,c234,c1
17636,c5,c5
17647,c1,c5
17653,c5,c5
17656,c1,c1
17665,c1,c1
17669,c5,c1
17674,c1,c5
17677,c1,c234
17680,c5,c5
17681,c234,c1
17686,c234,c5
17687,c234,c1
17692,c234,c1
17701,c5,c234
17704,c234,c234
17712,c1,c5
17722,c5,c5
17725,c234,c1
17734,c234,c234
17738,c1,c234
17745,c1,c5
17758,c5,c5
17763,c234,c1
17780,c234,c234
17786,c234,c5
17793,c234,c5
17795,c234,c5
17796,c1,c1
17799,c5,c5
17805,c1,c1
17807,c5,c5
17815,c234,c1
17823,c1,c1
17832,c234,c234
17838,c1,c5
17845,c1,c5
17852,c1,c5
17856,c1,c234
17858,c1,c1
17863,c5,c1
17870,c5,c5
17876,c5,c234
17882,c5,c1
17889,c5,c234
17896,c234,c1
17908,c1,c1
17912,c234,c1
17913,c1,c1
17932,c5,c234
17933,c5,c1
17942,c234,c234
17953,c1,c234
17958,c5,c5
17959,c234,c234
17975,c234,c234
17978,c234,c1
17983,c234,c234
17990,c1,c1
17991,c5,c5
17997,c234,c234
18001,c1,c234
18004,c5,c5
18022,c1,c234
18027,c234,c5
18030,c5,c5
18047,c1,c5
18059,c5,c234
18063,c1,c1
18073,c234,c234
18078,c1,c1
18080,c5,c234
18089,c5,c5
18095,c1,c5
18107,c234,c5
18118,c1,c1
18124,c1,c234
18128,c234,c5
18134,c5,c5
18135,c1,c1
18142,c5,c234
18145,c234,c1
18148,c234,c1
18155,c234,c234
18161,c234,c234
18167,c1,c234
18171,c234,c5
18177,c234,c1
18178,c5,c234
18184,c1,c234
18186,c1,c234
18209,c1,c234
18216,c1,c1
18217,c1,c234
18226,c234,c234
18232,c1,c1
18238,c1,c1
18250,c1,c5
18253,c234,c1
18257,c5,c5
18258,c1,c5
18270,c5,c234
18272,c1,c5
18277,c234,c1
18278,c234,c1
18279,c5,c5
18285,c5,c1
18291,c5,c5
18301,c234,c1
18302,c234,c1
18314,c5,c234
18321,c234,c1
18326,c5,c5
18333,c1,c234
18337,c5,c234
18340,c1,c1
18345,c1,c1
18359,c234,c5
18368,c5,c234
18380,c5,c1
18382,c1,c1
18390,c234,c1
18391,c1,c234
18395,c234,c234
18400,c234,c5
18405,c5,c1
18408,c234,c5
18416,c1,c234
18422,c234,c5
18425,c1,c1
18429,c5,c234
18436,c234,c1
18448,c1,c1
18449,c5,c5
18450,c234,c5
18456,c1,c5
18468,c234,c1
18478,c5,c234
18487,c1,c1
18495,c5,c1
18496,c1,c1
18503,c5,c5
18519,c234,c234
18526,c5,c5
18536,c1,c5
18537,c1,c1
18540,c1,c1
18548,c5,c1
18553,c1,c1
18558,c1,c5
18567,c1,c1
18574,c1,c1
18583,c5,c234
18590,c234,c1
18594,c1,c234
18606,c5,c234
18616,c5,c1
18628,c5,c234
18635,c1,c5
18645,c1,c234
18659,c234,c5
18667,c234,c5
18675,c234,c1
18677,c234,c234
18682,c234,c1
18683,c1,c1
18690,c234,c5
18700,c5,c1
18708,c5,c5
18715,c234,c1
18722,c5,c234
18727,c5,c234
18731,c234,c5
18740,c1,c234
18750,c234,c1
18752,c1,c5
18761,c1,c234
18779,c5,c1
18780,c1,c5
18787,c234,c5
18792,c5,c234
18799,c5,c1
18803,c1,c1
18808,c234,c5
18813,c5,c234
18830,c1,c1
18841,c234,c5
18844,c234,c5
18851,c5,c5
18860,c1,c5
18872,c5,c5
18873,c1,c5
18879,c1,c5
18886,c234,c234
18895,c234,c234
18908,c234,c234
18913,c1,c1
18926,c1,c5
18930,c234,c5
18934,c1,c5
18944,c5,c1
18949,c5,c234
18952,c234,c5
18967,c5,c234
18974,c234,c1
18985,c234,c1
18991,c234,c1
18992,c234,c1
18999,c234,c234
19001,c1,c1
19011,c234,c5
19014,c1,c1
19022,c5,c5
19028,c5,c5
19032,c234,c234
19036,c5,c5
19042,c5,c234
19055,c1,c5
19060,c5,c5
19062,c5,c5
19068,c5,c234
19075,c1,c234
19080,c234,c234
19092,c234,c5
19096,c234,c5
19101,c5,c1
19107,c234,c234
19116,c234,c234
19127,c1,c234
19136,c5,c5
19139,c234,c1
19142,c5,c1
19149,c5,c234
19153,c234,c5
19165,c5,c5
19173,c234,c1
19179,c5,c5
19185,c234,c234
19191,c1,c1
19195,c234,c234
19199,c234,c5
19201,c1,c234
19207,c1,c5
19211,c234,c1
19213,c5,c1
19216,c1,c1
19220,c1,c1
19232,c234,c234
19239,c5,c1
19250,c234,c5
19256,c5,c5
19262,c5,c5
19265,c234,c5
19269,c1,c1
19282,c234,c5
19283,c5,c234
19285,c5,c1
19290,c1,c1
19297,c1,c1
19299,c5,c5
19301,c234,c234
19311,c5,c234
19313,c234,c234
19315,c5,c1
19316,c234,c5
19319,c234,c5
19320,c5,c5
19331,c5,c5
19334,c234,c5
19344,c1,c5
19349,c5,c5
19355,c5,c234
19370,c5,c5
19373,c1,c1
19379,c5,c234
19388,c5,c1
19393,c1,c234
19402,c5,c5
19408,c234,c5
19414,c5,c5
19419,c5,c5
19422,c5,c5
19431,c234,c234
19438,c5,c1
19446,c1,c1
19449,c5,c1
19453,c5,c1
19459,c1,c1
19461,c234,c5
19468,c5,c1
19479,c1,c1
19481,c234,c1
19486,c1,c234
19488,c234,c1
19494,c234,c1
19504,c5,c1
19514,c5,c234
19516,c234,c5
19519,c5,c234
19525,c5,c1
19528,c234,c234
19532,c5,c234
19541,c234,c5
19547,c1,c5
19550,c234,c234
19558,c1,c234
19571,c5,c1
19572,c5,c5
19574,c234,c1
19577,c234,c5
19582,c5,c234
19588,c234,c234
19600,c5,c5
19603,c5,c234
19610,c5,c1
19611,c5,c5
19624,c234,c234
19636,c1,c1
19646,c234,c1
19655,c5,c5
19661,c234,c234
19670,c5,c234
19675,c1,c1
19690,c5,c234
19694,c234,c1
19695,c1,c1
19704,c5,c234
19712,c234,c234
19719,c1,c5
19723,c5,c5
19729,c1,c1
19736,c234,c1
19744,c1,c5
19754,c5,c5
19758,c234,c5
19760,c1,c1
19764,c234,c1
19772,c5,c234
19783,c5,c234
19788,c234,c1
19789,c234,c5
19791,c1,c1
19804,c5,c234
19809,c5,c5
19818,c5,c5
19820,c5,c5
19825,c5,c1
19830,c234,c234
19836,c234,c5
19844,c234,c5
19845,c1,c5
19857,c1,c234
19872,c5,c234
19875,c1,c234
19882,c1,c5
19893,c1,c1
19900,c1,c1
19903,c5,c1
19907,c5,c5
19916,c1,c234
19917,c1,c1
19923,c5,c5
19930,c5,c5
19936,c5,c5
19941,c234,c234
19958,c234,c5
19959,c234,c5
19970,c5,c5
19976,c234,c234
19979,c1,c1
19987,c5,c5
19988,c1,c5
19998,c5,c234
20000,c234,c1
20011,c234,c234
20014,c1,c5
20023,c234,c5
20032,c5,c234
20040,c1,c5
20047,c1,c1
20056,c5,c234
20059,c1,c1
20074,c5,c5
20085,c1,c1
20090,c1,c1
